ID,RFS
TRG002728,59.98083333333333
TRG002649,46.20333333333333
TRG002628,44.30833333333333
